Product URL,Description,ASIN,Product Description,Manufacturer
https://www.amazon.in/SPENZ-BAGS-Backpack-Raincover-Jet-Black/dp/B0C3RLGGVZ/ref=sr_1_145?crid=2M096C61O4MLT&keywords=bags&qid=1690519577&sprefix=ba%2Caps%2C283&sr=8-145,Amazon.in,N/A,N/A,N/A
https://www.amazon.in/Gear-ltr-Black-Orange-DUFPRO2000106/dp/B00Z93WSVW/ref=sr_1_146?crid=2M096C61O4MLT&keywords=bags&qid=1690519577&sprefix=ba%2Caps%2C283&sr=8-146,Gear polyester 44 cms Duffle Bag(DUFPRO2000106_Black) : Gear Design Studio: Amazon.in: Fashion,N/A,Gear polyester 44 cms Duffle Bag(DUFPRO2000106_Black) : Gear Design Studio: Amazon.in: Fashion,N/A
https://www.amazon.in/ADISA-BP005-Weight-Casual-Backpack/dp/B07F3X45WZ/ref=sr_1_147?crid=2M096C61O4MLT&keywords=bags&qid=1690519577&sprefix=ba%2Caps%2C283&sr=8-147,Amazon.in,N/A,N/A,N/A
https://www.amazon.in/F-Gear-Circadian-Guc-Black-Casual-Backpack/dp/B084THQXCD/ref=sr_1_148?crid=2M096C61O4MLT&keywords=bags&qid=1690519577&sprefix=ba%2Caps%2C283&sr=8-148,Amazon.in,N/A,N/A,N/A
https://www.amazon.in/Sfane-Women-Trendy-Black-Duffel/dp/B07GCR84D9/ref=sr_1_149?crid=2M096C61O4MLT&keywords=bags&qid=1690519577&sprefix=ba%2Caps%2C283&sr=8-149,Amazon.in,N/A,N/A,N/A
https://www.amazon.in/Polyester-Crossbody-Messenger-Business-Spacious/dp/B09TL193PL/ref=sr_1_150?crid=2M096C61O4MLT&keywords=bags&qid=1690519577&sprefix=ba%2Caps%2C283&sr=8-150,Amazon.in,N/A,N/A,N/A
https://www.amazon.in/Step-Backpack-Small-Water-Repellant/dp/B088X9M73T/ref=sr_1_151?crid=2M096C61O4MLT&keywords=bags&qid=1690519577&sprefix=ba%2Caps%2C283&sr=8-151,Amazon.in,N/A,N/A,N/A
https://www.amazon.in/Sprqcart-Travel-Shoulder-Weekender-Overnight/dp/B0C3RBGHCN/ref=sr_1_152?crid=2M096C61O4MLT&keywords=bags&qid=1690519577&sprefix=ba%2Caps%2C283&sr=8-152,Amazon.in,N/A,N/A,N/A
https://www.amazon.in/Shoulder-Lightweight-Duffle-Weekend-Blue-Orange/dp/B09139DYF1/ref=sr_1_153?crid=2M096C61O4MLT&keywords=bags&qid=1690519577&sprefix=ba%2Caps%2C283&sr=8-153,Amazon.in,N/A,N/A,N/A
https://www.amazon.in/Lino-Perros-Womens-Shoulder-White/dp/B084VPNKJR/ref=sr_1_154?crid=2M096C61O4MLT&keywords=bags&qid=1690519577&sprefix=ba%2Caps%2C283&sr=8-154,Amazon.in,N/A,N/A,N/A
https://www.amazon.in/MuscleBlaze-Duffle-Women-Sports-Weekender/dp/B0C8BBNB8B/ref=sr_1_155?crid=2M096C61O4MLT&keywords=bags&qid=1690519577&sprefix=ba%2Caps%2C283&sr=8-155,Amazon.in,N/A,N/A,N/A
https://www.amazon.in/Tinytot-School-Backpack-College-Standard/dp/B08B4T6HVR/ref=sr_1_156?crid=2M096C61O4MLT&keywords=bags&qid=1690519577&sprefix=ba%2Caps%2C283&sr=8-156,Amazon.in,N/A,N/A,N/A
https://www.amazon.in/Adjustable-Compartment-Lightweight-Water-Resistant-Travel-Friendly/dp/B0C3RDFPVN/ref=sr_1_157?crid=2M096C61O4MLT&keywords=bags&qid=1690519577&sprefix=ba%2Caps%2C283&sr=8-157,Amazon.in,N/A,N/A,N/A
https://www.amazon.in/Glowic-Hopping-Shoulder-Handbags-WBAG-34/dp/B09HHNZ47K/ref=sr_1_158?crid=2M096C61O4MLT&keywords=bags&qid=1690519577&sprefix=ba%2Caps%2C283&sr=8-158,Amazon.in,N/A,N/A,N/A
https://www.amazon.in/gp/bestsellers/shoes/1983351031/ref=sr_bs_14_1983351031_1,Amazon.in Bestsellers: The most popular items in Women's Cross-body Bags,N/A,Amazon.in Bestsellers: The most popular items in Women's Cross-body Bags,N/A
https://www.amazon.in/Waterproof-Laptop-College-Backpack-Navy_Blue/dp/B0BW9BTJCZ/ref=sr_1_160?crid=2M096C61O4MLT&keywords=bags&qid=1690519577&sprefix=ba%2Caps%2C283&sr=8-160,Amazon.in,N/A,N/A,N/A
https://www.amazon.in/Gear-ltr-Black-Orange-DUFPRO2000106/dp/B00Z93WSVW/ref=sr_1_193?crid=2M096C61O4MLT&keywords=bags&qid=1690519590&sprefix=ba%2Caps%2C283&sr=8-193,Amazon.in,N/A,N/A,N/A
https://www.amazon.in/uppercase-Professional-resistant-sustainable-Anti-theft/dp/B0BR1C59R8/ref=sr_1_194?crid=2M096C61O4MLT&keywords=bags&qid=1690519590&sprefix=ba%2Caps%2C283&sr=8-194,Amazon.in,N/A,N/A,N/A
https://www.amazon.in/F-Gear-Circadian-Guc-Black-Casual-Backpack/dp/B084THQXCD/ref=sr_1_195?crid=2M096C61O4MLT&keywords=bags&qid=1690519590&sprefix=ba%2Caps%2C283&sr=8-195,Amazon.in,N/A,N/A,N/A
https://www.amazon.in/uppercase-Professional-Backpack-resistant-sustainable/dp/B0BWNBQXDZ/ref=sr_1_196?crid=2M096C61O4MLT&keywords=bags&qid=1690519590&sprefix=ba%2Caps%2C283&sr=8-196,Amazon.in,N/A,N/A,N/A
https://www.amazon.in/Step-Backpack-Small-Water-Repellant/dp/B088X9M73T/ref=sr_1_197?crid=2M096C61O4MLT&keywords=bags&qid=1690519590&sprefix=ba%2Caps%2C283&sr=8-197,Amazon.in,N/A,N/A,N/A
https://www.amazon.in/Sprqcart-Travel-Shoulder-Weekender-Overnight/dp/B0C3RBGHCN/ref=sr_1_198?crid=2M096C61O4MLT&keywords=bags&qid=1690519590&sprefix=ba%2Caps%2C283&sr=8-198,Amazon.in,N/A,N/A,N/A
https://www.amazon.in/Shoulder-Lightweight-Duffle-Weekend-Blue-Orange/dp/B09139DYF1/ref=sr_1_199?crid=2M096C61O4MLT&keywords=bags&qid=1690519590&sprefix=ba%2Caps%2C283&sr=8-199,Amazon.in,N/A,N/A,N/A
https://www.amazon.in/MuscleBlaze-Duffle-Women-Sports-Weekender/dp/B0C8BBNB8B/ref=sr_1_200?crid=2M096C61O4MLT&keywords=bags&qid=1690519590&sprefix=ba%2Caps%2C283&sr=8-200,Amazon.in,N/A,N/A,N/A
https://www.amazon.in/Adjustable-Compartment-Lightweight-Water-Resistant-Travel-Friendly/dp/B0C3RDFPVN/ref=sr_1_201?crid=2M096C61O4MLT&keywords=bags&qid=1690519590&sprefix=ba%2Caps%2C283&sr=8-201,Amazon.in,N/A,N/A,N/A
https://www.amazon.in/ADISA-Laptop-Backpack-Office-College/dp/B0BPVCBFM7/ref=sr_1_202?crid=2M096C61O4MLT&keywords=bags&qid=1690519590&sprefix=ba%2Caps%2C283&sr=8-202,Amazon.in,N/A,N/A,N/A
https://www.amazon.in/Polyester-Crossbody-Messenger-Business-Spacious/dp/B09TL193PL/ref=sr_1_203?crid=2M096C61O4MLT&keywords=bags&qid=1690519590&sprefix=ba%2Caps%2C283&sr=8-203,"CRALOFT Polyester 11.5 inch Side Bag For Men/Sling Bag/Crossbody Tablet Messenger Bag For Office Business Travel (Grey_S1, Extra Spacious) : Amazon.in: Fashion",N/A,"CRALOFT Polyester 11.5 inch Side Bag For Men/Sling Bag/Crossbody Tablet Messenger Bag For Office Business Travel (Grey_S1, Extra Spacious) : Amazon.in: Fashion",N/A
https://www.amazon.in/Safari-Swagpack-Backpack-Compartments-Raincover/dp/B09B2633BY/ref=sr_1_204?crid=2M096C61O4MLT&keywords=bags&qid=1690519590&sprefix=ba%2Caps%2C283&sr=8-204,Amazon.in,N/A,N/A,N/A
https://www.amazon.in/Gear-Expandable-RainCover-Grey-Black-TLPTURBO00401/dp/B097KDRZ67/ref=sr_1_205?crid=2M096C61O4MLT&keywords=bags&qid=1690519590&sprefix=ba%2Caps%2C283&sr=8-205,Buy Gear Turbo 45L Expandable Water Resistant Antitheft Laptop Bag/Backpack/Briefcase For Men/Women With Raincover (Grey) at Amazon.in,N/A,Buy Gear Turbo 45L Expandable Water Resistant Antitheft Laptop Bag/Backpack/Briefcase For Men/Women With Raincover (Grey) from Laptop Backpacks at Amazon.in. 30 days free exchange or return,N/A
https://www.amazon.in/Glowic-Hopping-Shoulder-Handbags-WBAG-34/dp/B09HHNZ47K/ref=sr_1_206?crid=2M096C61O4MLT&keywords=bags&qid=1690519590&sprefix=ba%2Caps%2C283&sr=8-206,Amazon.in,N/A,N/A,N/A
https://www.amazon.in/PUMA-Limoges-Laptop-Backpack-7548709/dp/B07D5QZ76G/ref=sr_1_207?crid=2M096C61O4MLT&keywords=bags&qid=1690519590&sprefix=ba%2Caps%2C283&sr=8-207,Amazon.in,N/A,N/A,N/A
https://www.amazon.in/Wildcraft-Polyester-Black-Laptop-8903338054290/dp/B012D4QKHW/ref=sr_1_208_mod_primary_new?crid=2M096C61O4MLT&keywords=bags&qid=1690519590&sbo=RZvfv%2F%2FHxDF%2BO5021pAnSA%3D%3D&sprefix=ba%2Caps%2C283&sr=8-208,Amazon.in,N/A,N/A,N/A
